<?xml version="1.0" encoding="utf-8"?>
<!DOCTYPE hibernate-configuration PUBLIC
"-//Hibernate/Hibernate Configuration DTD 3.0//EN"
"http://hibernate.sourceforge.net/hibernate-configuration-3.0.dtd">
<hibernate-configuration>
	<session-factory>
		<property name="hibernate.archive.autodetection">class,hbm</property>
		<property name="hibernate.dialect">org.hibernate.dialect.MySQLDialect</property>
		<property name="hibernate.connection.driver_class">com.mysql.jdbc.Driver</property>
		<property name="hibernate.connection.url">jdbc:mysql://localhost:3306/sprHiber</property>
		<property name="hibernate.connection.username">root</property>
		<property name="hibernate.connection.password">12345</property>
		<!-- <property name="hibernate.dialect">org.hibernate.dialect.SQLServerDialect</property> 
			<property name="hibernate.connection.driver_class">com.microsoft.sqlserver.jdbc.SQLServerDriver</property> 
			<property name="hibernate.connection.url">jdbc:sqlserver://localhost;databaseName=sprHber</property> 
			<property name="hibernate.connection.username">sa</property> <property name="hibernate.connection.password">12345</property> -->
		<property name="hibernate.show_sql">true</property>
		<property name="hibernate.hbm2ddl.auto">update</property>
<!-- https://stackoverflow.com/questions/29158560/hibernate-apparent-deadlock-creating-emergency-threads-for-unassigned-pendin/33550466 -->
		<property name="hibernate.c3p0.min_size">5</property>
		<property name="hibernate.c3p0.max_size">50</property>
		<property name="hibernate.c3p0.acquire_increment">2</property>
		<property name="hibernate.c3p0.acquire_increment">1800</property>
		<property name="hibernate.c3p0.max_statements">150</property>
	</session-factory>
</hibernate-configuration>